Keyword;Sessions ;"false" ;15
(not provided);1,117 ;"false" ;22
simple;168 ;"true" ;100
simple bank;149 ;"true" ;71
atm near me;64 ;"false" ;24
simple.com;55 ;"true" ;75
simple checking;52 ;"true" ;57
bank simple;51 ;"true" ;71
simple banking;51 ;"true" ;60
simple portland;48 ;"true" ;57
simple finance portland;47 ;"false" ;41
simplebank;47 ;"true" ;75
simple card;46 ;"true" ;71
simple debit card;46 ;"true" ;52
simple finance;45 ;"true" ;60
simple bank login;42 ;"true" ;52
simple checking account;42 ;"false" ;41
simple log in;42 ;"true" ;63
simple credit card;41 ;"true" ;50
simple account;40 ;"true" ;60
simple financial;40 ;"true" ;55
simple login;40 ;"true" ;67
simple online banking;40 ;"false" ;44
simple visa;40 ;"true" ;71
simple visa card;40 ;"true" ;55
simple bank log in;39 ;"true" ;50
simple bank portland;39 ;"false" ;46
simple login page;39 ;"true" ;52
simple sign in;39 ;"true" ;60
simplecard;39 ;"true" ;75
free online bank;38 ;"false" ;18
simple account login;38 ;"false" ;46
simple bank sign in;38 ;"false" ;48
simple prepaid card;35 ;"false" ;48
simple portland oregon;34 ;"false" ;43
simple.;32 ;"true" ;100
bank.simple;31 ;"true" ;71
banking tools;31 ;"false" ;21
banksimple;31 ;"true" ;75
simple bank account;31 ;"false" ;48
simple bank accounts;31 ;"false" ;46
simple bank app;31 ;"true" ;57
simple bank credit card;31 ;"false" ;41
simple bank logo;31 ;"true" ;55
simple banking login;31 ;"false" ;46
simple better banking;31 ;"false" ;44
simple debit;31 ;"true" ;67
simplebanking;31 ;"true" ;63
simplify bank;31 ;"true" ;53
simplw;31 ;"true" ;83
simply bank;31 ;"true" ;59
smiple;31 ;"true" ;83
visa simple;31 ;"true" ;71
what is a simple card;31 ;"false" ;44
what is simple app;31 ;"true" ;50
www.simple.com;31 ;"true" ;60
simple bak;30 ;"true" ;75
simple bank customer service;30 ;"false" ;35
simple banking sign in;30 ;"false" ;43
simple banl;30 ;"true" ;71
simple saving;30 ;"true" ;63
simple savings;30 ;"true" ;60
simple.cpm;30 ;"true" ;75
www.simple;30 ;"true" ;75
how do banks make money;28 ;"false" ;21
building a gaming pc;22 ;"false" ;23
what you need to build a pc;21 ;"false" ;18
how to build a gaming pc;19 ;"false" ;20
simple app;18 ;"true" ;75
what do you need to build a pc;18 ;"false" ;17
how international money transfer works;17 ;"false" ;14
how to build a gaming computer;17 ;"false" ;22
parts needed to build a pc;17 ;"false" ;19
what parts do i need to build a pc;17 ;"false" ;15
simple mobile deposit;16 ;"false" ;44
what do you need to build a gaming pc;16 ;"false" ;14
how to build a pc;15 ;"false" ;17
parts needed to build a gaming pc;15 ;"false" ;15
simple bank atm;15 ;"true" ;57
simple bank mobile check deposit;15 ;"false" ;32
simple wallet;15 ;"true" ;63
nearest atm;14 ;"false" ;24
simple atm;14 ;"true" ;75
atm locator;13 ;"false" ;24
atms near me;13 ;"false" ;33
gaming pc parts;13 ;"false" ;19
gaming pc parts list;13 ;"false" ;15
how to build gaming pc;13 ;"false" ;21
how to buy a house;13 ;"false" ;17
simple bank address;13 ;"false" ;48
third party money transfer;13 ;"false" ;19
what do i need to build a computer;13 ;"false" ;20
what do i need to build a pc;13 ;"false" ;18
what do you need for a gaming pc;13 ;"false" ;11
build your own gaming pc;12 ;"false" ;20
closest atm;12 ;"false" ;35
nearest atm to me;12 ;"false" ;17
simple bank checks;12 ;"true" ;50
things needed to build a pc;12 ;"false" ;18
components to build a gaming pc;11 ;"false" ;22
everything you need to build a gaming pc;11 ;"false" ;13
how to buy my first home;11 ;"false" ;20
simple check deposit;11 ;"false" ;46
simple deposit;11 ;"true" ;60
what are derivatives;11 ;"false" ;15
what do you need to build a computer;11 ;"false" ;19
what parts do i need to build a gaming pc;11 ;"false" ;13
what parts do you need to build a gaming pc;11 ;"false" ;12
atm near me now;10 ;"false" ;19
building a gaming computer;10 ;"false" ;25
building your own gaming computer;10 ;"false" ;21
buying my first home;10 ;"false" ;23
closest atm near me;10 ;"false" ;24
parts for a gaming pc;10 ;"false" ;15
parts to build a computer;10 ;"false" ;26
simple atm finder;10 ;"true" ;52
things you need to build a pc;10 ;"false" ;17
what do i need to build a gaming pc;10 ;"false" ;15
atm near ne;9 ;"false" ;24
atm.near me;9 ;"false" ;24
building a pc;9 ;"false" ;21
buying a house by yourself;9 ;"false" ;12
free online banking;9 ;"false" ;24
how to build a pc for gaming;9 ;"false" ;18
near atm;9 ;"false" ;29
parts you need for a gaming pc;9 ;"false" ;11
parts you need to build a computer;9 ;"false" ;20
parts you need to build a gaming pc;9 ;"false" ;15
simple atm fees;9 ;"true" ;57
simple atms;9 ;"true" ;71
simple online bank;9 ;"true" ;50
things you need to build a gaming pc;9 ;"false" ;14
what parts do you need for a gaming pc;9 ;"false" ;9
what parts do you need to build a computer;9 ;"false" ;17
what parts do you need to build a pc;9 ;"false" ;14
activate simple card;8 ;"false" ;46
atm machine near me;8 ;"false" ;24
banking;8 ;"false" ;15
best bank login;8 ;"false" ;19
best online banking experience;8 ;"false" ;22
build your own gaming computer;8 ;"false" ;22
building a computer;8 ;"false" ;32
building your own computer;8 ;"false" ;25
closest atm to me;8 ;"false" ;26
compass bank address;8 ;"false" ;23
components needed to build a pc;8 ;"false" ;22
how can a single person afford a house;8 ;"false" ;18
how to build your own computer for gaming;8 ;"false" ;17
nearest atm from my location;8 ;"false" ;18
online bank with debit card;8 ;"false" ;18
rebuilding a motorcycle;8 ;"false" ;21
sim ple;8 ;"false" ;46
simple apply;8 ;"true" ;67
simple ban;8 ;"true" ;75
simple bank cash deposit;8 ;"false" ;40
simple bank deposit cash;8 ;"false" ;40
simple bank jobs;8 ;"true" ;55
simple bank wire transfer;8 ;"false" ;39
simple banking account;8 ;"false" ;43
simple careers;8 ;"true" ;60
simple check;8 ;"true" ;67
simple finance careers;8 ;"false" ;43
simple money app;8 ;"true" ;55
simple visa debit card;8 ;"false" ;43
what do i need for a gaming pc;8 ;"false" ;11
what is needed to build a pc;8 ;"false" ;18
all computer components;7 ;"false" ;28
app that deposits checks;7 ;"false" ;13
artm near me;7 ;"false" ;22
atm bear me;7 ;"false" ;24
atm closest to me;7 ;"false" ;26
atm near;7 ;"false" ;29
atm nearby;7 ;"false" ;25
atm nearest;7 ;"false" ;24
atm no fee;7 ;"false" ;25
atm number location;7 ;"false" ;24
atm with no fee;7 ;"false" ;19
atm without fees near me;7 ;"false" ;20
average tip;7 ;"false" ;24
bank or atm near me;7 ;"false" ;16
building gaming pc;7 ;"false" ;25
can a single person buy a house;7 ;"false" ;22
cheapest atm fees near me;7 ;"false" ;19
closest atm machine to me;7 ;"false" ;26
everything needed to build a pc;7 ;"false" ;16
external account;7 ;"false" ;9
fee free atms near me;7 ;"false" ;22
find me the nearest atm;7 ;"false" ;21
free atm near me;7 ;"false" ;18
gaming computer components;7 ;"false" ;25
gaming pc components;7 ;"false" ;23
guide to building a gaming pc;7 ;"false" ;17
how do banks make a profit;7 ;"false" ;19
how to afford your first house;7 ;"false" ;11
how to build a computer;7 ;"false" ;28
how to build your own gaming computer;7 ;"false" ;19
how to build your own gaming pc;7 ;"false" ;16
how to deposit cash into simple;7 ;"false" ;32
how to make a gaming pc;7 ;"false" ;21
list for building a gaming pc;7 ;"false" ;17
nearby atm machines;7 ;"false" ;16
nearest atms;7 ;"false" ;22
parts needed for a gaming pc;7 ;"false" ;12
parts of a gaming pc;7 ;"false" ;15
simple bank check deposit limit;7 ;"false" ;32
simple bank near me;7 ;"false" ;48
simple direct deposit;7 ;"false" ;44
simple free atms;7 ;"true" ;55
simple jobs;7 ;"true" ;71
single person buying a house;7 ;"false" ;24
what do you need in a pc;7 ;"false" ;13
what do you need to build your own computer;7 ;"false" ;16
what do you need to deposit a check;7 ;"false" ;15
what do you need to make a gaming pc;7 ;"false" ;14
what parts do i need to build a computer;7 ;"false" ;17
what you need to make a computer;7 ;"false" ;16
where is the closest atm;7 ;"false" ;20
building own gaming pc;6 ;"false" ;21
building your own gaming pc;6 ;"false" ;18
california tipping;6 ;"false" ;17
cash check online instantly;6 ;"false" ;24
checklist for building a gaming pc;6 ;"false" ;15
components for a gaming pc;6 ;"false" ;19
deposit personal check to prepaid card;6 ;"false" ;23
everything you need to build a pc;6 ;"false" ;15
how long does depositing a check online take;6 ;"false" ;16
how to build a gaming desktop;6 ;"false" ;17
how to deposit cash into simple account;6 ;"false" ;27
how to deposit money into simple account;6 ;"false" ;26
how to disassemble a motorcycle;6 ;"false" ;22
parts needed for a pc;6 ;"false" ;15
parts needed for gaming pc;6 ;"false" ;12
parts of a gaming computer;6 ;"false" ;19
purchaser forgot to sign money order;6 ;"false" ;14
rebuilding motorcycle;6 ;"false" ;22
restaurant tip;6 ;"false" ;30
restoring a motorcycle;6 ;"false" ;21
simple bank checkbook;6 ;"false" ;44
simple bank direct deposit;6 ;"false" ;38
simple bank funds availability;6 ;"false" ;33
simple bank savings account;6 ;"false" ;36
simple photo check deposit;6 ;"false" ;38
simple savings account;6 ;"false" ;43
single person mortgage;6 ;"false" ;29
take picture of check to deposit;6 ;"false" ;21
what do you need to build a gaming computer;6 ;"false" ;16
what i need to build a computer;6 ;"false" ;22
what parts do i need to build a gaming computer;6 ;"false" ;15
what parts do u need to build a computer;6 ;"false" ;17
all components of a gaming pc;5 ;"false" ;17
all parts needed to build a gaming pc;5 ;"false" ;14
all parts to a computer;5 ;"false" ;21
atm finder;5 ;"false" ;25
average tip for waitress;5 ;"false" ;20
bbva compass mobile deposit funds availability;5 ;"false" ;19
bbva compass mobile deposit hold;5 ;"false" ;26
build a gaming pc;5 ;"false" ;26
components to build a pc;5 ;"false" ;27
derivatives;5 ;"false" ;24
everything i need to build a pc;5 ;"false" ;16
gaming pc build checklist;5 ;"false" ;19
gaming pc essentials;5 ;"false" ;31
how banks make money;5 ;"false" ;23
how to build a computer for gaming;5 ;"false" ;20
how to build pc gaming;5 ;"false" ;21
list of parts to build a gaming pc;5 ;"false" ;15
motorcycle restoration tips;5 ;"false" ;18
parts required to build a pc;5 ;"false" ;18
pieces to build a pc;5 ;"false" ;23
restore motorcycle;5 ;"false" ;25
simple bank business account;5 ;"false" ;35
simple bank paypal;5 ;"true" ;50
simple bank usa;5 ;"true" ;57
what do you need for a pc;5 ;"false" ;6
what does a computer need;5 ;"false" ;19
what does a gaming pc need;5 ;"false" ;19
what i need to build a pc;5 ;"false" ;19
what parts are needed to build a computer;5 ;"false" ;17
what to buy first when building a gaming pc;5 ;"false" ;16
(not set);4 ;"false" ;31
all components needed to build a gaming pc;4 ;"false" ;17
all parts for a computer;4 ;"false" ;20
all parts for a pc;4 ;"false" ;17
all parts needed to build a pc;4 ;"false" ;17
all parts required to build a gaming pc;4 ;"false" ;18
all parts you need to build a gaming pc;4 ;"false" ;13
all the components to build a computer;4 ;"false" ;18
all the things you need to build a gaming pc;4 ;"false" ;16
banks with no fees;4 ;"false" ;17
bbva compass verify funds;4 ;"false" ;19
build a gaming pc parts list;4 ;"false" ;18
build your own computer;4 ;"false" ;28
build your own pc;4 ;"false" ;17
building a desktop;4 ;"false" ;25
building a gaming pc checklist;4 ;"false" ;17
building a gaming pc parts list;4 ;"false" ;16
can one person buy a house;4 ;"false" ;19
computer parts list;4 ;"false" ;24
derivative finance definition;4 ;"false" ;11
essential pc parts;4 ;"false" ;25
everything to know about building a pc;4 ;"false" ;14
everything you need for a computer;4 ;"false" ;15
gaming computer;4 ;"false" ;29
how build a gaming pc;4 ;"false" ;22
how do banks make profit;4 ;"false" ;20
how to build a good gaming pc;4 ;"false" ;17
how to build gaming computer;4 ;"false" ;24
how to build own gaming pc;4 ;"false" ;19
how to build your own desktop;4 ;"false" ;17
how to build your own pc for gaming;4 ;"false" ;15
how to mail a check for deposit only;4 ;"false" ;19
how to make a gaming computer;4 ;"false" ;17
how to make your own gaming pc;4 ;"false" ;17
how to make your own pc;4 ;"false" ;14
how to receive money from another country;4 ;"false" ;9
i bought a house;4 ;"false" ;18
international funds transfers;4 ;"false" ;23
items needed to build a gaming pc;4 ;"false" ;15
list of components to build a pc;4 ;"false" ;21
list of gaming pc parts;4 ;"false" ;14
list of parts needed to build a computer;4 ;"false" ;22
making a gaming pc;4 ;"false" ;25
making gaming pc;4 ;"false" ;27
mobile deposit hold bbva;4 ;"false" ;33
money transfer to foreign country;4 ;"false" ;15
parts for a pc;4 ;"false" ;20
parts for gaming pc;4 ;"false" ;16
parts i need to build a pc;4 ;"false" ;19
parts list for gaming pc;4 ;"false" ;13
parts necessary to build a computer;4 ;"false" ;20
parts needed for a gaming computer;4 ;"false" ;15
parts required to build a computer;4 ;"false" ;20
parts to build a gaming pc;4 ;"false" ;19
parts to build a pc;4 ;"false" ;16
pieces needed to build a pc;4 ;"false" ;18
priority availability bbva compass;4 ;"false" ;15
rebuild motorcycle;4 ;"false" ;25
requirements for a gaming pc;4 ;"false" ;18
requirements for gaming pc;4 ;"false" ;19
restaurant tip percent;4 ;"false" ;21
send money to other country;4 ;"false" ;12
simple bank check hold;4 ;"false" ;43
simple bank money order deposit;4 ;"false" ;32
simple bank transfer time;4 ;"false" ;39
simple career;4 ;"true" ;63
simple finance jobs;4 ;"false" ;48
simple jobs portland;4 ;"false" ;46
simple portland jobs;4 ;"false" ;46
simple wire transfer;4 ;"false" ;46
simplefinance;4 ;"true" ;63
things to know when building a computer;4 ;"false" ;18
want to build a gaming pc;4 ;"false" ;19
what all do you need to build a pc;4 ;"false" ;15
what are all the parts you need to build a gaming computer;4 ;"false" ;12
what components do you need to build a computer;4 ;"false" ;15
what components do you need to build a gaming pc;4 ;"false" ;15
what do i need to make a computer;4 ;"false" ;15
what do you need in a gaming pc;4 ;"false" ;11
what do you need to build a desktop;4 ;"false" ;15
what do you need to make a computer;4 ;"false" ;15
what is a derivative;4 ;"false" ;15
what is needed to build a computer;4 ;"false" ;20
what parts do you need for a computer;4 ;"false" ;14
what parts does a computer need;4 ;"false" ;16
what parts to build a gaming pc;4 ;"false" ;16
what pc parts to buy first;4 ;"false" ;12
what time will my direct deposit go through;4 ;"false" ;16
what to know when building a pc;4 ;"false" ;16
what you need for a gaming pc;4 ;"false" ;11
1. what components are required if you want to make your computer work?;3 ;"false" ;11
add cash to simple account;3 ;"false" ;38
all components to build a gaming pc;3 ;"false" ;20
all components to build a pc;3 ;"false" ;24
all parts for a gaming pc;3 ;"false" ;13
all parts you need for a gaming pc;3 ;"false" ;10
all the parts needed to build a gaming pc;3 ;"false" ;17
all the parts needed to build a pc;3 ;"false" ;15
all the parts to build a gaming pc;3 ;"false" ;20
all things needed to build a pc;3 ;"false" ;16
atm locator near me;3 ;"false" ;24
bank machine near me;3 ;"false" ;23
bank with no fees;3 ;"false" ;17
bbva compass mailing address;3 ;"false" ;24
build a custom computer;3 ;"false" ;28
build a desktop computer;3 ;"false" ;27
building a gaming pc guide;3 ;"false" ;19
building my own computer;3 ;"false" ;27
building my own gaming pc;3 ;"false" ;19
bulding a computer;3 ;"false" ;33
buying a home single;3 ;"false" ;31
buying a house as a single person;3 ;"false" ;26
buying my first house;3 ;"false" ;15
cash machine near me;3 ;"false" ;31
closest atm machine to my location;3 ;"false" ;20
components for a pc;3 ;"false" ;24
components for gaming pc;3 ;"false" ;20
components needed to build a gaming pc;3 ;"false" ;18
components you need to build a computer;3 ;"false" ;18
computer building checklist;3 ;"false" ;24
computer components list;3 ;"false" ;27
computer for gaming;3 ;"false" ;24
computer parts;3 ;"false" ;30
computer parts to build a computer;3 ;"false" ;20
debit cards with no monthly fee;3 ;"false" ;22
deposit cash simple;3 ;"false" ;48
deposit cash to simple;3 ;"false" ;43
deposit checks;3 ;"false" ;20
deposit money order simple;3 ;"false" ;38
derivative assets;3 ;"false" ;26
everything needed to build a computer;3 ;"false" ;19
everything to build a pc;3 ;"false" ;20
everything you need for a gaming pc;3 ;"false" ;15
everything you need to make a gaming pc;3 ;"false" ;13
fee free atms;3 ;"false" ;21
gaming computer parts;3 ;"false" ;22
gaming pc build;3 ;"false" ;29
gaming pc components checklist;3 ;"false" ;22
gaming pc requirements;3 ;"false" ;21
good gaming pc parts list;3 ;"false" ;13
how money transfer from one country to another;3 ;"false" ;8
how to build a pc gamer;3 ;"false" ;21
how to build my own gaming pc;3 ;"false" ;17
how to build my own pc;3 ;"false" ;21
how to build your own computer;3 ;"false" ;22
how to buy a house alone;3 ;"false" ;13
how to buy a house by yourself;3 ;"false" ;11
how to load simple card;3 ;"false" ;41
how to make a gaming desktop;3 ;"false" ;24
how to make a pc;3 ;"false" ;18
how to make gaming pc;3 ;"false" ;22
how to purchase my first home;3 ;"false" ;23
how to restore a motorcycle;3 ;"false" ;18
how to save for a first home;3 ;"false" ;18
how to save for first house;3 ;"false" ;12
how to.build a computer;3 ;"false" ;28
i want to build a pc;3 ;"false" ;15
i want to build my own gaming pc;3 ;"false" ;16
list of pc parts to build a pc;3 ;"false" ;11
load simple card;3 ;"true" ;55
main pc parts;3 ;"false" ;21
motorcycle engine rebuild;3 ;"false" ;26
motorcycle restoration;3 ;"false" ;21
motorcycle restoration guide;3 ;"false" ;24
parts need to build a gaming pc;3 ;"false" ;16
parts of a pc;3 ;"false" ;21
parts to build a gaming computer;3 ;"false" ;21
parts you need to build a pc;3 ;"false" ;18
pc build checklist;3 ;"false" ;25
pc build components;3 ;"false" ;32
pc building parts;3 ;"false" ;17
restoring an old motorcycle;3 ;"false" ;18
simple bank atm deposit;3 ;"false" ;41
simple bank atm limit;3 ;"false" ;44
simple bank careers;3 ;"false" ;48
simple bank direct deposit time;3 ;"false" ;32
simple bank for business;3 ;"false" ;40
simple bank invite;3 ;"true" ;50
simple bank money order;3 ;"false" ;41
simple bank savings;3 ;"false" ;48
simple bank transfer;3 ;"false" ;46
simple deposit cash;3 ;"false" ;48
simple how to deposit cash;3 ;"false" ;38
simple referral;3 ;"true" ;57
starsf atms;3 ;"false" ;12
things need to build a computer;3 ;"false" ;22
things needed for a pc;3 ;"false" ;7
things needed to build a gaming computer;3 ;"false" ;17
things you need for a computer;3 ;"false" ;17
things you need to build a computer;3 ;"false" ;20
what components are needed to build a pc;3 ;"false" ;17
what components do i need to build a pc;3 ;"false" ;18
what do i need to build my own gaming pc;3 ;"false" ;13
what do you need for a computer;3 ;"false" ;16
what does a gaming computer need;3 ;"false" ;16
what is needed to make a computer;3 ;"false" ;15
what makes a good gaming pc;3 ;"false" ;18
what u need to build a pc;3 ;"false" ;19
what you need to build a computer;3 ;"false" ;21
where can i cash a money order near me;3 ;"false" ;18
all gaming pc parts;2 ;"false" ;16
all parts needed for gaming pc;2 ;"false" ;11
all parts to build a pc;2 ;"false" ;14
all the parts you need for a gaming pc;2 ;"false" ;14
all the things you need for a gaming pc;2 ;"false" ;13
all things needed to build a gaming pc;2 ;"false" ;14
atm;2 ;"false" ;22
atm id;2 ;"false" ;17
atm near my location;2 ;"false" ;23
atm near.me;2 ;"false" ;24
atmfinder;2 ;"false" ;27
bank atm near me;2 ;"false" ;18
basitkart;2 ;"false" ;27
best computer hardware;2 ;"false" ;29
best pc setup for gaming;2 ;"false" ;27
build gaming computer;2 ;"false" ;30
building a gaming pc from scratch;2 ;"false" ;15
building a high end gaming pc;2 ;"false" ;17
building a pc from scratch;2 ;"false" ;19
building gaming pc for beginners;2 ;"false" ;21
buying a house;2 ;"false" ;20
buying your first home alone;2 ;"false" ;18
check by mail;2 ;"false" ;21
closest atms;2 ;"false" ;33
closest bank atm to me;2 ;"false" ;21
components needed to build a gaming computer;2 ;"false" ;16
computer components;2 ;"false" ;32
computer parts needed to build a computer;2 ;"false" ;17
cpu parts for gaming;2 ;"false" ;15
define derivatives;2 ;"false" ;17
deposit cash into simple;2 ;"false" ;40
derivative example;2 ;"false" ;42
derivative finance;2 ;"false" ;17
derivatives definition;2 ;"false" ;14
derivatives explained simply;2 ;"false" ;29
derivatives market;2 ;"false" ;25
desktop computer parts list;2 ;"false" ;18
digital bank usa;2 ;"false" ;18
easiest motorcycle to restore;2 ;"false" ;29
everything needed for a gaming pc;2 ;"false" ;15
example of derivative contract;2 ;"false" ;28
gaming pc build guide;2 ;"false" ;22
gaming pc components list;2 ;"false" ;19
gaming pc parts guide;2 ;"false" ;15
gaming pc parts needed;2 ;"false" ;14
house for one person;2 ;"false" ;23
how do banks make money from checking accounts;2 ;"false" ;15
how do banks make profits;2 ;"false" ;19
how do i build my own gaming pc;2 ;"false" ;16
how do i buy a house;2 ;"false" ;15
how does a bank make money;2 ;"false" ;19
how does simple make money;2 ;"false" ;38
how to add money to simple card;2 ;"false" ;32
how to build a custom gaming pc;2 ;"false" ;16
how to deposit cash with simple;2 ;"false" ;32
how to make your own desktop;2 ;"false" ;18
how to rebuild a motorcycle;2 ;"false" ;18
how to restore an old motorcycle;2 ;"false" ;16
https://simple.com/friends/gr4wbfy;2 ;"false" ;32
https://www.simple.com/;2 ;"false" ;46
list of components to build a gaming pc;2 ;"false" ;18
list of parts needed to build a gaming pc;2 ;"false" ;17
motorcycle restoration for beginners;2 ;"false" ;19
near me atm;2 ;"false" ;24
new simple;2 ;"true" ;75
parts needed to build a computer;2 ;"false" ;21
parts needed to make a gaming pc;2 ;"false" ;16
parts to assemble a computer;2 ;"false" ;24
pc components;2 ;"false" ;32
pc part checklist;2 ;"false" ;17
simaple;2 ;"true" ;92
simple bank atm fees;2 ;"false" ;46
simple bank atms;2 ;"true" ;55
simple bank card;2 ;"true" ;55
simple bank debit card;2 ;"false" ;43
simple bank deposit;2 ;"false" ;48
simple bank foreign transaction fees;2 ;"false" ;29
simple bank limits;2 ;"true" ;50
simple bank locations;2 ;"false" ;44
simple bank routing number;2 ;"false" ;38
simple cash advance;2 ;"false" ;48
simple finance technology corp;2 ;"false" ;33
single person;2 ;"false" ;42
things needed for building a gaming pc;2 ;"false" ;14
things required to build a pc;2 ;"false" ;17
things to build a gaming pc;2 ;"false" ;18
things to build a pc;2 ;"false" ;15
things to know when building a gaming pc;2 ;"false" ;17
what all do you need to build a gaming pc;2 ;"false" ;13
what are the parts needed to build a computer;2 ;"false" ;16
what are the requirements for a gaming pc;2 ;"false" ;13
what do banks do;2 ;"false" ;9
what do i need to build my own computer;2 ;"false" ;18
what do i need to make a gaming pc;2 ;"false" ;15
what is a stock derivative;2 ;"false" ;12
what is needed to build a gaming pc;2 ;"false" ;15
what parts do you need for a pc;2 ;"false" ;11
what parts should i buy for a gaming computer;2 ;"false" ;12
what parts to build a computer;2 ;"false" ;22
what parts to buy for a gaming computer;2 ;"false" ;13
what to buy first when building a pc;2 ;"false" ;14
what to buy when building a pc;2 ;"false" ;17
what you need to build a gaming pc;2 ;"false" ;15
about how much money can be transfer from out of country bank to our country;1 ;"false" ;5
add money to paypal debit card;1 ;"false" ;22
all components to make.your own desktop;1 ;"false" ;13
all parts needed for a pc;1 ;"false" ;13
all parts of a pc;1 ;"false" ;17
all parts of computer;1 ;"false" ;22
all the components you need to build a computer;1 ;"false" ;15
anonymous bank transfer;1 ;"false" ;14
app where you can cash a picture of a check;1 ;"false" ;12
atm bank;1 ;"false" ;14
atm cash;1 ;"false" ;14
atm location by atm id;1 ;"false" ;14
atm machines near me;1 ;"false" ;23
atm mear me;1 ;"false" ;24
atm near by me;1 ;"false" ;20
atm search by atm id;1 ;"false" ;15
atms around me;1 ;"false" ;30
bancomat near me;1 ;"false" ;18
bank atm;1 ;"false" ;14
banking startup;1 ;"false" ;19
banks with no checking fees;1 ;"false" ;18
bbva compass bank mobile deposit;1 ;"false" ;26
bbva mail;1 ;"false" ;27
bbva mobile deposit;1 ;"false" ;40
best engine to rebuild for beginners;1 ;"false" ;14
best motorcycles to restore;1 ;"false" ;24
build pc parts;1 ;"false" ;20
build your own gaming pc list;1 ;"false" ;17
but goal a goal;1 ;"false" ;10
buying a house on a single income;1 ;"false" ;26
buying a house on your own single;1 ;"false" ;21
buying a house single income;1 ;"false" ;29
buying a person;1 ;"false" ;29
buying first house;1 ;"false" ;17
cache:asr4m8rdqb0j:https://www.simple.com/help/articles/getting-started/cash;1 ;"false" ;15
can you deposit a money order like a check;1 ;"false" ;17
cash a check online;1 ;"false" ;24
cheap home buying stories;1 ;"false" ;19
cheap ski pants;1 ;"false" ;19
check date;1 ;"false" ;12
check signature;1 ;"false" ;29
check us;1 ;"false" ;14
city one bank;1 ;"false" ;21
close my bank account simple style application;1 ;"false" ;23
com atm;1 ;"false" ;15
components needed to build a computer;1 ;"false" ;19
components of a computer;1 ;"false" ;27
components of gaming pc;1 ;"false" ;21
components of pc;1 ;"false" ;27
components to build a desktop;1 ;"false" ;23
computer part list;1 ;"false" ;25
custom pc parts;1 ;"false" ;29
decent gaming pc build;1 ;"false" ;21
deposit cash;1 ;"false" ;22
deposit photo;1 ;"false" ;32
deposit rule per check;1 ;"false" ;36
derivates;1 ;"false" ;27
derivates meaning;1 ;"false" ;26
derivative definition economics;1 ;"false" ;11
derivative finance example;1 ;"false" ;31
derivative in finance;1 ;"false" ;15
derivative market define?;1 ;"false" ;20
derivative payments;1 ;"false" ;24
derivatives finance explained;1 ;"false" ;23
derivatives in finance;1 ;"false" ;21
derivatives in simple words;1 ;"false" ;36
derivatives investment;1 ;"false" ;29
derivatives meaning;1 ;"false" ;24
derivatives stocks;1 ;"false" ;17
derivatives trading;1 ;"false" ;16
derivatives what are they;1 ;"false" ;13
dismantle motorcycle;1 ;"false" ;31
do i sign a check;1 ;"false" ;17
essential parts for a gaming pc;1 ;"false" ;22
everything you need to know about building a pc;1 ;"false" ;11
evolution of international banking;1 ;"false" ;15
fastest international money transfer;1 ;"false" ;19
finance derivative;1 ;"false" ;17
financial derivatives explained;1 ;"false" ;22
find atm machine;1 ;"false" ;27
for on a check;1 ;"false" ;10
four ways to make money like the bank;1 ;"false" ;14
free bank software;1 ;"false" ;17
gaming computer store;1 ;"false" ;22
gaming pc custom build;1 ;"false" ;21
gaming pc setup;1 ;"false" ;29
google wallet debit card;1 ;"false" ;20
house buying tips;1 ;"false" ;26
house single;1 ;"false" ;44
houses for one person;1 ;"false" ;22
how bank make money;1 ;"false" ;16
how banks make profit;1 ;"false" ;22
how do banks get money;1 ;"false" ;21
how do banks work;1 ;"false" ;9
how do i deposit a check for my child;1 ;"false" ;14
how do international bank transfers work;1 ;"false" ;13
how does bank make money;1 ;"false" ;20
how long does a check take to clear;1 ;"false" ;15
how much way we can transfer money from another country;1 ;"false" ;7
how to assemble pc;1 ;"false" ;33
how to build a custom computer;1 ;"false" ;22
how to build custom gaming pc;1 ;"false" ;17
how to build gaming cpu;1 ;"false" ;14
how to build pc for gaming;1 ;"false" ;19
how to explain derivatives;1 ;"false" ;19
how to fill out a deposit check;1 ;"false" ;16
how to get a check;1 ;"false" ;8
how to learn how to save money;1 ;"false" ;11
how to raise your credit score;1 ;"false" ;11
how to rebuild a motorcycle engine;1 ;"false" ;20
how to repair motorcycle engine;1 ;"false" ;22
how to save for a house;1 ;"false" ;14
how to save up for a house;1 ;"false" ;12
how to send money internationally online;1 ;"false" ;17
how to sign a check;1 ;"false" ;16
how to sign over a check;1 ;"false" ;13
how to transfer money from country to country;1 ;"false" ;8
how to transfer money from one country to another;1 ;"false" ;7
https://simple.com/friends/cpj4fyb;1 ;"false" ;32
https://simple.com/friends/dckqryk;1 ;"false" ;32
https://simple.com/friends/grq5zbn;1 ;"false" ;32
https://www.simple.com;1 ;"false" ;46
https://www.simple.com/features;1 ;"false" ;34
https://www.simple.com/friends/bp2zdcj;1 ;"false" ;29
https://www.simple.com/friends/dclrnws;1 ;"false" ;29
https://www.simple.com/friends/gf3hvf7;1 ;"false" ;29
i want to build a gaming pc where do i start;1 ;"false" ;16
i want to buy my first home;1 ;"false" ;18
international money transfer how does it work;1 ;"false" ;16
just bought first house;1 ;"false" ;14
just checking;1 ;"false" ;11
mail check;1 ;"false" ;25
mail deposit;1 ;"false" ;44
mailing a check for deposit only;1 ;"false" ;21
make money with;1 ;"false" ;19
motorcycle engine reconditioning;1 ;"false" ;21
my first gaming pc;1 ;"false" ;33
my first home;1 ;"false" ;32
old motorcycle parts;1 ;"false" ;23
old motorcycle repair;1 ;"false" ;22
one network bank paypal;1 ;"false" ;14
overhauling motorcycle engine;1 ;"false" ;23
parts for building a gaming pc;1 ;"false" ;17
parts required for a gaming pc;1 ;"false" ;17
parts required to build a gaming pc;1 ;"false" ;20
parts to build computer;1 ;"false" ;28
parts to build your own computer;1 ;"false" ;21
parts u need to build a pc;1 ;"false" ;19
pc check list;1 ;"false" ;21
pc gaming parts list;1 ;"false" ;15
pc parts checklist;1 ;"false" ;17
pc parts to build a computer;1 ;"false" ;24
personal check information requirements;1 ;"false" ;22
photo check deposit;1 ;"false" ;24
photocheck;1 ;"false" ;25
picture of check deposit;1 ;"false" ;27
rebuilding a bike;1 ;"false" ;17
refferal;1 ;"false" ;14
requirements for cashing a check;1 ;"false" ;21
send and receive money online worldwide;1 ;"false" ;13
send money person;1 ;"false" ;26
send money to bank from paypal;1 ;"false" ;22
send wire transfer;1 ;"false" ;25
set up direct deposit;1 ;"false" ;22
simpl;1 ;"true" ;91
simpl holds;1 ;"true" ;59
simple apps;1 ;"true" ;71
simple bank canada;1 ;"true" ;50
simple bank deposit check;1 ;"false" ;39
simple bank fees;1 ;"true" ;55
simple bank how to deposit cash;1 ;"false" ;32
simple credit;1 ;"true" ;63
simple fintech;1 ;"true" ;60
simple mail;1 ;"true" ;71
simple mobile banking;1 ;"false" ;44
simple prepaid;1 ;"true" ;60
simple simple;1 ;"true" ;63
simple site login;1 ;"true" ;52
simple transfer;1 ;"true" ;57
simples.com;1 ;"true" ;71
singel person;1 ;"false" ;32
single home buyer;1 ;"false" ;35
smple;1 ;"true" ;91
starter check;1 ;"false" ;21
the nearest atm;1 ;"false" ;19
things you need for a gaming pc;1 ;"false" ;11
tipping in portland;1 ;"false" ;24
to the order of check;1 ;"false" ;7
transferring money internationally between banks;1 ;"false" ;15
usa tipping chart;1 ;"false" ;17
visa money transfer how it works;1 ;"false" ;16
ways banks make money;1 ;"false" ;22
what are derivaties;1 ;"false" ;16
what are derivatives in banking;1 ;"false" ;11
what are derivatives in finance;1 ;"false" ;16
what are financial derivatives;1 ;"false" ;17
what components to build a pc;1 ;"false" ;23
what do banks do?;1 ;"false" ;9
what do i need in a computer;1 ;"false" ;18
what do i need to deposit a check;1 ;"false" ;15
what do u need to build a pc;1 ;"false" ;18
what does a pc need;1 ;"false" ;16
what does pay to the order of mean;1 ;"false" ;20
what information is needed for a money order;1 ;"false" ;12
what is a derivative finance;1 ;"false" ;12
what is a starter check;1 ;"false" ;14
what is derivatives;1 ;"false" ;16
what to buy to build a pc;1 ;"false" ;13
what u need to build a gaming pc;1 ;"false" ;16
what you need for gaming pc;1 ;"false" ;12
what you need in a gaming pc;1 ;"false" ;12
where do banks get money to lend;1 ;"false" ;16
where do i sign a check;1 ;"false" ;21
where is the nearest atm?;1 ;"false" ;13
where to sign check on back;1 ;"false" ;18
wire bank;1 ;"false" ;27
wire transfers;1 ;"false" ;30
working of motorcycle;1 ;"false" ;22
www.simply;1 ;"true" ;62
you have bought;1 ;"false" ;10
ओल्ड मोटरसाइकिल;1 ;"false" ;0
;6,611 ;"false" ;0
; ;"false" ;0
Day Index;Sessions ;"false" ;27
6/22/17;6,611 ;"false" ;0
;6,611 ;"false" ;0
